scorer,Luke,Luke,Luke,Luke,Luke,Luke,Luke,Luke,Luke,Luke,Luke,Luke,Luke,Luke,Luke,Luke,Luke,Luke,Luke,Luke,Luke,Luke,Luke,Luke
individuals,ind1,ind1,ind1,ind1,ind1,ind1,single,single,single,single,single,single,single,single,single,single,single,single,single,single,single,single,single,single
bodyparts,head,head,middle,middle,tail,tail,cup_h,cup_h,cup_m,cup_m,cup_t,cup_t,pitcher_h,pitcher_h,pitcher_m,pitcher_m,pitcher_t,pitcher_t,tap_h,tap_h,tap_m,tap_m,tap_t,tap_t
coords,x,y,x,y,x,y,x,y,x,y,x,y,x,y,x,y,x,y,x,y,x,y,x,y
labeled-data/1636318488-right/img000.png,1255.287026594216,486.46001653808236,1301.3916446558485,502.7433118048009,1357.7371730219872,522.3884532329861,922.916,348.355,931.447,395.022,939.813,436.989,236.511,451.748,295.101339950372,554.5081141439206,396.018,682.923,193.7,179.245,187.38,242.408,159.132,333.076
labeled-data/1636318488-right/img001.png,1250.8193883051804,498.1231177814861,1301.8917025273518,505.4492800569079,1353.0557357100354,524.6839812931944,922.97,348.377,932.092,395.196,939.296,436.869,236.529,451.585,277.71100496277904,549.7428858560794,395.71,684.37,194.095,179.384,187.516,242.096,159.089,333.129
labeled-data/1636318488-right/img002.png,1257.0721808231933,493.1692788250241,,,,,922.836,348.334,931.445,395.142,940.19,436.702,236.459,451.626,303.35433995037215,570.617665012407,395.157,684.22,194.022,179.806,187.712,241.954,158.98,333.164
